Drug,Tests
Ramicane,9169.41787521
Capomulin,9355.42046243
Infubinol,9413.49352933
Ceftamin,9361.228582110001
